"id","code","main_compte","parent_id/id","create_uid/id","create_date","write_uid/id","write_date","name","type_account"
"__export__.syndic_pcmn_301","1.","False","","base.user_root","2015-05-19 08:55:54","base.user_root","2015-05-19 09:42:28","Dettes à plus d’un an",""
"__export__.syndic_pcmn_302","17","False","__export__.syndic_pcmn_301","base.user_root","2015-05-19 08:55:54","base.user_root","2015-05-19 09:40:47","Dettes à plus d’un an",""
"__export__.syndic_pcmn_303","170","False","__export__.syndic_pcmn_302","base.user_root","2015-05-19 08:55:54","base.user_root","2015-05-19 09:42:13","Emprunts subordonnés",""
"__export__.syndic_pcmn_304","171","False","","base.user_root","2015-05-19 08:55:54","base.user_root","2015-05-19 08:55:54","Emprunts obligataires non subordonnés ",""
"__export__.syndic_pcmn_305","172","False","","base.user_root","2015-05-19 08:55:54","base.user_root","2015-05-19 08:55:54","Dettes de location-financement ",""
"__export__.syndic_pcmn_306","173","False","","base.user_root","2015-05-19 08:55:54","base.user_root","2015-05-19 08:55:54","Etablissements de crédit ",""
"__export__.syndic_pcmn_307","1730","False","","base.user_root","2015-05-19 08:55:54","base.user_root","2015-05-19 08:55:54","Dettes en compte ",""
"__export__.syndic_pcmn_308","1731","False","","base.user_root","2015-05-19 08:55:54","base.user_root","2015-05-19 08:55:54","Promesses ",""
"__export__.syndic_pcmn_309","1732","False","","base.user_root","2015-05-19 08:55:54","base.user_root","2015-05-19 08:55:54","Crédits d’acceptation ",""
"__export__.syndic_pcmn_310","174","False","","base.user_root","2015-05-19 08:55:54","base.user_root","2015-05-19 08:55:54","Autres emprunts ",""
"__export__.syndic_pcmn_311","175","False","","base.user_root","2015-05-19 08:55:54","base.user_root","2015-05-19 08:55:54","Dettes commerciales ",""
"__export__.syndic_pcmn_312","179","False","","base.user_root","2015-05-19 08:55:54","base.user_root","2015-05-19 08:55:54","Dettes diverses ",""
"__export__.syndic_pcmn_313","2.","False","","base.user_root","2015-05-19 08:55:54","base.user_root","2015-05-19 08:55:54","Immobilisations et cautionnements ",""
"__export__.syndic_pcmn_314","21.","False","","base.user_root","2015-05-19 08:55:54","base.user_root","2015-05-19 08:55:54","Immobilisation incorporelles (1) ",""
"__export__.syndic_pcmn_315","211","False","","base.user_root","2015-05-19 08:55:54","base.user_root","2015-05-19 08:55:54","Concessions, brevets, licences, savoir-faire, marques et droits similaires ",""
"__export__.syndic_pcmn_316","213","False","","base.user_root","2015-05-19 08:55:54","base.user_root","2015-05-19 08:55:54","Acomptes versés ",""
"__export__.syndic_pcmn_317","23","False","","base.user_root","2015-05-19 08:55:54","base.user_root","2015-05-19 08:55:54","Installations, machines et outillage(1) ",""
"__export__.syndic_pcmn_318","24","False","","base.user_root","2015-05-19 08:55:54","base.user_root","2015-05-19 08:55:54","Mobilier et matériel roulant(1) ",""
"__export__.syndic_pcmn_319","25","False","","base.user_root","2015-05-19 08:55:54","base.user_root","2015-05-19 08:55:54","Immobilisations détenues en location-financement ",""
"__export__.syndic_pcmn_320","251","False","","base.user_root","2015-05-19 08:55:54","base.user_root","2015-05-19 08:55:54","Installations, machines et outillage(1) ",""
"__export__.syndic_pcmn_321","252","False","","base.user_root","2015-05-19 08:55:54","base.user_root","2015-05-19 08:55:54","Mobilier et matériel roulant ",""
"__export__.syndic_pcmn_322","26","False","","base.user_root","2015-05-19 08:55:54","base.user_root","2015-05-19 08:55:54","Autres immobilisations corporelles(1) ",""
"__export__.syndic_pcmn_323","28","False","","base.user_root","2015-05-19 08:55:54","base.user_root","2015-05-19 08:55:54","Cautionnements versés ",""
"__export__.syndic_pcmn_324","4.","False","","base.user_root","2015-05-19 08:55:54","base.user_root","2015-05-19 08:55:54","Créances et dettes à un an au plus ",""
"__export__.syndic_pcmn_325","41","False","","base.user_root","2015-05-19 08:55:54","base.user_root","2015-05-19 08:55:54","Créances ",""
"__export__.syndic_pcmn_326","410","False","","base.user_root","2015-05-19 08:55:54","base.user_root","2015-05-19 08:55:54","Capital appelé ",""
"__export__.syndic_pcmn_327","4100","False","","base.user_root","2015-05-19 08:55:54","base.user_root","2015-05-19 08:55:54","Acompte de fonds de réserve appelé ",""
"__export__.syndic_pcmn_328","4101","False","","base.user_root","2015-05-19 08:55:54","base.user_root","2015-05-19 08:55:54","Acompte de fonds de roulement appelé ",""
"__export__.syndic_pcmn_329","416","False","","base.user_root","2015-05-19 08:55:54","base.user_root","2015-05-19 08:55:54","Créances diverses ",""
"__export__.syndic_pcmn_330","417","False","","base.user_root","2015-05-19 08:55:54","base.user_root","2015-05-19 08:55:54","Créances douteuses ",""
"__export__.syndic_pcmn_331","419","False","","base.user_root","2015-05-19 08:55:54","base.user_root","2015-05-19 08:55:54","Réductions de valeur actées (-) ",""
"__export__.syndic_pcmn_332","42","False","","base.user_root","2015-05-19 08:55:54","base.user_root","2015-05-19 08:55:54","Dettes à plus d’un an échéant dans l’année(2) ",""
"__export__.syndic_pcmn_333","420","False","","base.user_root","2015-05-19 08:55:54","base.user_root","2015-05-19 08:55:54","Emprunts subordonnés ",""
"__export__.syndic_pcmn_334","421","False","","base.user_root","2015-05-19 08:55:54","base.user_root","2015-05-19 08:55:54","Emprunts obligataires non subordonnés ",""
"__export__.syndic_pcmn_335","422","False","","base.user_root","2015-05-19 08:55:54","base.user_root","2015-05-19 08:55:54","Dettes de location-financement et assimilées ",""
"__export__.syndic_pcmn_336","423","False","","base.user_root","2015-05-19 08:55:54","base.user_root","2015-05-19 08:55:54","Etablissements de crédit ",""
"__export__.syndic_pcmn_337","1730","False","","base.user_root","2015-05-19 08:55:54","base.user_root","2015-05-19 08:55:54","Dettes en compte ",""
"__export__.syndic_pcmn_338","1731","False","","base.user_root","2015-05-19 08:55:54","base.user_root","2015-05-19 08:55:54","Promesses ",""
"__export__.syndic_pcmn_339","1732","False","","base.user_root","2015-05-19 08:55:54","base.user_root","2015-05-19 08:55:54","Crédits d’acceptation ",""
"__export__.syndic_pcmn_340","424","False","","base.user_root","2015-05-19 08:55:54","base.user_root","2015-05-19 08:55:54","Autres emprunts ",""
"__export__.syndic_pcmn_341","425","False","","base.user_root","2015-05-19 08:55:54","base.user_root","2015-05-19 08:55:54","Dettes commerciales ",""
"__export__.syndic_pcmn_342","429","False","","base.user_root","2015-05-19 08:55:54","base.user_root","2015-05-19 08:55:54","Dettes diverses ",""
"__export__.syndic_pcmn_343","43","False","","base.user_root","2015-05-19 08:55:54","base.user_root","2015-05-19 08:55:54","Dettes financières ",""
"__export__.syndic_pcmn_344","430","False","","base.user_root","2015-05-19 08:55:54","base.user_root","2015-05-19 08:55:54","Etablissements de crédit - Emprunts en compte à terme fixe ",""
"__export__.syndic_pcmn_345","431","False","","base.user_root","2015-05-19 08:55:54","base.user_root","2015-05-19 08:55:54","Etablissements de crédit - Promesses ",""
"__export__.syndic_pcmn_346","432","False","","base.user_root","2015-05-19 08:55:54","base.user_root","2015-05-19 08:55:54","Etablissements de crédit - Crédits d’acceptation ",""
"__export__.syndic_pcmn_347","433","False","","base.user_root","2015-05-19 08:55:54","base.user_root","2015-05-19 08:55:54","Etablissements de crédit - Dettes en compte courant(3) ",""
"__export__.syndic_pcmn_348","439","False","","base.user_root","2015-05-19 08:55:54","base.user_root","2015-05-19 08:55:54","Autres emprunts ",""
"__export__.syndic_pcmn_349","44","False","","base.user_root","2015-05-19 08:55:54","base.user_root","2015-05-19 08:55:54","Dettes commerciales ",""
"__export__.syndic_pcmn_350","440","False","","base.user_root","2015-05-19 08:55:54","base.user_root","2015-05-19 08:55:54","Fournisseurs ",""
"__export__.syndic_pcmn_351","444","False","","base.user_root","2015-05-19 08:55:54","base.user_root","2015-05-19 08:55:54","Factures à recevoir(4) ",""
"__export__.syndic_pcmn_352","45","False","","base.user_root","2015-05-19 08:55:54","base.user_root","2015-05-19 08:55:54","Dettes fiscales, salariales et sociales ",""
"__export__.syndic_pcmn_353","450","False","","base.user_root","2015-05-19 08:55:54","base.user_root","2015-05-19 08:55:54","Dettes fiscales estimées ",""
"__export__.syndic_pcmn_354","452","False","","base.user_root","2015-05-19 08:55:54","base.user_root","2015-05-19 08:55:54","Impôts et taxes à payer ",""
"__export__.syndic_pcmn_355","453","False","","base.user_root","2015-05-19 08:55:54","base.user_root","2015-05-19 08:55:54","Précomptes retenus ",""
"__export__.syndic_pcmn_356","454","False","","base.user_root","2015-05-19 08:55:54","base.user_root","2015-05-19 08:55:54","Office national de la sécurité sociale ",""
"__export__.syndic_pcmn_357","455","False","","base.user_root","2015-05-19 08:55:54","base.user_root","2015-05-19 08:55:54","Rémunérations ",""
"__export__.syndic_pcmn_358","456","False","","base.user_root","2015-05-19 08:55:54","base.user_root","2015-05-19 08:55:54","Pécules de vacances ",""
"__export__.syndic_pcmn_359","459","False","","base.user_root","2015-05-19 08:55:54","base.user_root","2015-05-19 08:55:54","Autres dettes sociales ",""
"__export__.syndic_pcmn_360","48","False","","base.user_root","2015-05-19 08:55:54","base.user_root","2015-05-19 08:55:54","Dettes diverses ",""
"__export__.syndic_pcmn_361","489","False","","base.user_root","2015-05-19 08:55:54","base.user_root","2015-05-19 11:59:41","Dettes: valeurs reportées(5)",""
"__export__.syndic_pcmn_362","49","False","","base.user_root","2015-05-19 08:55:54","base.user_root","2015-05-19 08:55:54","Comptes de régularisation ",""
"__export__.syndic_pcmn_363","490","False","","base.user_root","2015-05-19 08:55:54","base.user_root","2015-05-19 08:55:54","Charges à reporter ",""
"__export__.syndic_pcmn_364","491","False","","base.user_root","2015-05-19 08:55:54","base.user_root","2015-05-19 08:55:54","Produits acquis ",""
"__export__.syndic_pcmn_365","492","False","","base.user_root","2015-05-19 08:55:54","base.user_root","2015-05-19 08:55:54","Charges à imputer ",""
"__export__.syndic_pcmn_366","493","False","","base.user_root","2015-05-19 08:55:54","base.user_root","2015-05-19 08:55:54","Produits à reporter ",""
"__export__.syndic_pcmn_367","499","False","","base.user_root","2015-05-19 08:55:54","base.user_root","2015-05-19 08:55:54","Comptes d’attente ",""
"__export__.syndic_pcmn_368","5.","False","","base.user_root","2015-05-19 08:55:54","base.user_root","2015-05-19 08:55:54","Placements de trésorerie et valeurs disponibles ",""
"__export__.syndic_pcmn_369","53","False","","base.user_root","2015-05-19 08:55:54","base.user_root","2015-05-19 08:55:54","Dépôts à terme ",""
"__export__.syndic_pcmn_370","530","False","","base.user_root","2015-05-19 08:55:54","base.user_root","2015-05-19 08:55:54","De plus d’un an ",""
"__export__.syndic_pcmn_371","531","False","","base.user_root","2015-05-19 08:55:54","base.user_root","2015-05-19 08:55:54","De plus d’un mois et à un an au plus ",""
"__export__.syndic_pcmn_372","532","False","","base.user_root","2015-05-19 08:55:54","base.user_root","2015-05-19 08:55:54","D’un mois au plus ",""
"__export__.syndic_pcmn_373","539","False","","base.user_root","2015-05-19 08:55:54","base.user_root","2015-05-19 08:55:54","Réductions de valeur actées (-) ",""
"__export__.syndic_pcmn_374","55","False","","base.user_root","2015-05-19 08:55:54","base.user_root","2015-05-19 08:55:54","Etablissements de crédit ",""
"__export__.syndic_pcmn_375","550","False","","base.user_root","2015-05-19 08:55:54","base.user_root","2015-05-19 08:55:54","Fonds de réserve(6) ",""
"__export__.syndic_pcmn_376","551","False","","base.user_root","2015-05-19 08:55:54","base.user_root","2015-05-19 08:55:54","Fonds de roulement(7) ",""
"__export__.syndic_pcmn_377","552","False","","base.user_root","2015-05-19 08:55:54","base.user_root","2015-05-19 08:55:54","Autres comptes(7) ",""
"__export__.syndic_pcmn_378","57","False","","base.user_root","2015-05-19 08:55:54","base.user_root","2015-05-19 08:55:54","Caisses ",""
"__export__.syndic_pcmn_379","58","False","","base.user_root","2015-05-19 08:55:54","base.user_root","2015-05-19 08:55:54","Virements internes ",""
"__export__.syndic_pcmn_380","6.","False","","base.user_root","2015-05-19 08:55:54","base.user_root","2015-05-19 08:55:54","Charges ",""
"__export__.syndic_pcmn_381","61","False","","base.user_root","2015-05-19 08:55:54","base.user_root","2015-05-19 08:55:54","Services et biens divers ",""
"__export__.syndic_pcmn_382","610","False","","base.user_root","2015-05-19 08:55:54","base.user_root","2015-05-19 08:55:54","Entretien et petites réparations de bâtiment, jardin et environs ",""
"__export__.syndic_pcmn_383","6100","False","","base.user_root","2015-05-19 08:55:54","base.user_root","2015-05-19 08:55:54","Protection anti-incendie ",""
"__export__.syndic_pcmn_384","61000","False","","base.user_root","2015-05-19 08:55:54","base.user_root","2015-05-19 08:55:54","Contrats d’entretien ",""
"__export__.syndic_pcmn_385","61001","False","","base.user_root","2015-05-19 08:55:54","base.user_root","2015-05-19 08:55:54","Extincteurs d’incendie ",""
"__export__.syndic_pcmn_386","61002","False","","base.user_root","2015-05-19 08:55:54","base.user_root","2015-05-19 08:55:54","Collecteurs d’incendie ",""
"__export__.syndic_pcmn_387","61003","False","","base.user_root","2015-05-19 08:55:54","base.user_root","2015-05-19 08:55:54","Lutte anti-incendie autres ",""
"__export__.syndic_pcmn_388","61004","False","","base.user_root","2015-05-19 08:55:54","base.user_root","2015-05-19 08:55:54","Alerte incendie et détection incendie ",""
"__export__.syndic_pcmn_389","61005","False","","base.user_root","2015-05-19 08:55:54","base.user_root","2015-05-19 08:55:54","Prévention incendie ",""
"__export__.syndic_pcmn_390","61006","False","","base.user_root","2015-05-19 08:55:54","base.user_root","2015-05-19 08:55:54","Entretien escaliers de secours/voies d’évacuation/coupoles d’évacuation de fumée ",""
"__export__.syndic_pcmn_391","61007","False","","base.user_root","2015-05-19 08:55:54","base.user_root","2015-05-19 08:55:54","Signalisation de sécurité/éclairage de secours ",""
"__export__.syndic_pcmn_392","61008","False","","base.user_root","2015-05-19 08:55:54","base.user_root","2015-05-19 08:55:54","Protection contre la foudre ",""
"__export__.syndic_pcmn_393","61009","False","","base.user_root","2015-05-19 08:55:54","base.user_root","2015-05-19 08:55:54","Autres ",""
"__export__.syndic_pcmn_394","6101","False","","base.user_root","2015-05-19 08:55:54","base.user_root","2015-05-19 08:55:54","Ascenseurs ",""
"__export__.syndic_pcmn_395","61010","False","","base.user_root","2015-05-19 08:55:54","base.user_root","2015-05-19 08:55:54","Contrôle ascenseurs ",""
"__export__.syndic_pcmn_396","61011","False","","base.user_root","2015-05-19 08:55:54","base.user_root","2015-05-19 08:55:54","Contrat d’entretien ascenseurs ",""
"__export__.syndic_pcmn_397","61012","False","","base.user_root","2015-05-19 08:55:54","base.user_root","2015-05-19 08:55:54","Entretien et réparations ascenseurs non compris dans contrat d’entretien ",""
"__export__.syndic_pcmn_398","61013","False","","base.user_root","2015-05-19 08:55:54","base.user_root","2015-05-19 08:55:54","Téléphone d’urgence ascenseurs ",""
"__export__.syndic_pcmn_399","61014","False","","base.user_root","2015-05-19 08:55:54","base.user_root","2015-05-19 08:55:54","Travaux d’adaptation ascenseurs ",""
"__export__.syndic_pcmn_400","61015","False","","base.user_root","2015-05-19 08:55:55","base.user_root","2015-05-19 08:55:55","Autres charges ascenseurs ",""
"__export__.syndic_pcmn_401","6102","False","","base.user_root","2015-05-19 08:55:55","base.user_root","2015-05-19 08:55:55","Installations électriques ",""
"__export__.syndic_pcmn_402","61020","False","","base.user_root","2015-05-19 08:55:55","base.user_root","2015-05-19 08:55:55","Contrôle installations électriques ",""
"__export__.syndic_pcmn_403","61021","False","","base.user_root","2015-05-19 08:55:55","base.user_root","2015-05-19 08:55:55","Contrats d’entretien ",""
"__export__.syndic_pcmn_404","61022","False","","base.user_root","2015-05-19 08:55:55","base.user_root","2015-05-19 08:55:55","Autre entretien installations électriques ",""
"__export__.syndic_pcmn_405","61023","False","","base.user_root","2015-05-19 08:55:55","base.user_root","2015-05-19 08:55:55","Entretien sonnettes et parlophones/vidéophones ",""
"__export__.syndic_pcmn_406","61024","False","","base.user_root","2015-05-19 08:55:55","base.user_root","2015-05-19 08:55:55","Rénovation installations électriques ",""
"__export__.syndic_pcmn_407","61025","False","","base.user_root","2015-05-19 08:55:55","base.user_root","2015-05-19 08:55:55","Groupes auxiliaires ",""
"__export__.syndic_pcmn_408","61026","False","","base.user_root","2015-05-19 08:55:55","base.user_root","2015-05-19 08:55:55","Air conditionné et traitement de l’air ",""
"__export__.syndic_pcmn_409","61027","False","","base.user_root","2015-05-19 08:55:55","base.user_root","2015-05-19 08:55:55","Extracteurs d’air et de fumée ",""
"__export__.syndic_pcmn_410","61028","False","","base.user_root","2015-05-19 08:55:55","base.user_root","2015-05-19 08:55:55","Vidéosurveillance ",""
"__export__.syndic_pcmn_411","61029","False","","base.user_root","2015-05-19 08:55:55","base.user_root","2015-05-19 08:55:55","Autres ",""
"__export__.syndic_pcmn_412","6103","False","","base.user_root","2015-05-19 08:55:55","base.user_root","2015-05-19 08:55:55","Sanitaires et chauffage ",""
"__export__.syndic_pcmn_413","61030","False","","base.user_root","2015-05-19 08:55:55","base.user_root","2015-05-19 08:55:55","Contrôle des installations ",""
"__export__.syndic_pcmn_414","61031","False","","base.user_root","2015-05-19 08:55:55","base.user_root","2015-05-19 08:55:55","Contrats d’entretien ",""
"__export__.syndic_pcmn_415","61032","False","","base.user_root","2015-05-19 08:55:55","base.user_root","2015-05-19 08:55:55","Autre entretien installations de chauffage ",""
"__export__.syndic_pcmn_416","61033","False","","base.user_root","2015-05-19 08:55:55","base.user_root","2015-05-19 08:55:55","Autre entretien surpresseur d’eau ",""
"__export__.syndic_pcmn_417","61034","False","","base.user_root","2015-05-19 08:55:55","base.user_root","2015-05-19 08:55:55","Autre entretien adoucisseur d’eau et traitement de l’eau ",""
"__export__.syndic_pcmn_418","61035","False","","base.user_root","2015-05-19 08:55:55","base.user_root","2015-05-19 08:55:55","Autre entretien conduites de chauffage ",""
"__export__.syndic_pcmn_419","61036","False","","base.user_root","2015-05-19 08:55:55","base.user_root","2015-05-19 08:55:55","Autre entretien conduites d’eau ",""
"__export__.syndic_pcmn_420","61037","False","","base.user_root","2015-05-19 08:55:55","base.user_root","2015-05-19 08:55:55","Autre entretien évacuation, égouts et installations de pompage ",""
"__export__.syndic_pcmn_421","61038","False","","base.user_root","2015-05-19 08:55:55","base.user_root","2015-05-19 08:55:55","Compteurs et relevé des compteurs ",""
"__export__.syndic_pcmn_422","61039","False","","base.user_root","2015-05-19 08:55:55","base.user_root","2015-05-19 08:55:55","Autres ",""
"__export__.syndic_pcmn_423","6104","False","","base.user_root","2015-05-19 08:55:55","base.user_root","2015-05-19 08:55:55","Menuiseries ",""
"__export__.syndic_pcmn_424","61040","False","","base.user_root","2015-05-19 08:55:55","base.user_root","2015-05-19 08:55:55","Contrats d’entretien ",""
"__export__.syndic_pcmn_425","61041","False","","base.user_root","2015-05-19 08:55:55","base.user_root","2015-05-19 08:55:55","Entretien porte de garage ",""
"__export__.syndic_pcmn_426","61042","False","","base.user_root","2015-05-19 08:55:55","base.user_root","2015-05-19 08:55:55","Entretien menuiseries externes ",""
"__export__.syndic_pcmn_427","61043","False","","base.user_root","2015-05-19 08:55:55","base.user_root","2015-05-19 08:55:55","Entretien menuiseries internes ",""
"__export__.syndic_pcmn_428","61044","False","","base.user_root","2015-05-19 08:55:55","base.user_root","2015-05-19 08:55:55","Balustrades et cloisons de séparation des terrasses ",""
"__export__.syndic_pcmn_429","61045","False","","base.user_root","2015-05-19 08:55:55","base.user_root","2015-05-19 08:55:55","Autres ",""
"__export__.syndic_pcmn_430","6105","False","","base.user_root","2015-05-19 08:55:55","base.user_root","2015-05-19 08:55:55","Nettoyage et traitement des ordures ménagères ",""
"__export__.syndic_pcmn_431","61050","False","","base.user_root","2015-05-19 08:55:55","base.user_root","2015-05-19 08:55:55","Nettoyage bâtiment selon contrat ",""
"__export__.syndic_pcmn_432","61051","False","","base.user_root","2015-05-19 08:55:55","base.user_root","2015-05-19 08:55:55","Nettoyage bâtiment autres ",""
"__export__.syndic_pcmn_433","61052","False","","base.user_root","2015-05-19 08:55:55","base.user_root","2015-05-19 08:55:55","Produits d’entretien nettoyage ",""
"__export__.syndic_pcmn_434","61053","False","","base.user_root","2015-05-19 08:55:55","base.user_root","2015-05-19 08:55:55","Matériel nettoyage ",""
"__export__.syndic_pcmn_435","61054","False","","base.user_root","2015-05-19 08:55:55","base.user_root","2015-05-19 08:55:55","Ordures ménagères/PMC/papier et verre selon contrat ",""
"__export__.syndic_pcmn_436","61055","False","","base.user_root","2015-05-19 08:55:55","base.user_root","2015-05-19 08:55:55","Ordures ménagères/PMC/papier et verre autres ",""
"__export__.syndic_pcmn_437","61056","False","","base.user_root","2015-05-19 08:55:55","base.user_root","2015-05-19 08:55:55","Produits ordures ménagères/PMC/papier et verre ",""
"__export__.syndic_pcmn_438","61057","False","","base.user_root","2015-05-19 08:55:55","base.user_root","2015-05-19 08:55:55","Contrôles ",""
"__export__.syndic_pcmn_439","61058","False","","base.user_root","2015-05-19 08:55:55","base.user_root","2015-05-19 08:55:55","Autres ",""
"__export__.syndic_pcmn_440","6106","False","","base.user_root","2015-05-19 08:55:55","base.user_root","2015-05-19 08:55:55","Jardins, parkings et chemins ",""
"__export__.syndic_pcmn_441","61060","False","","base.user_root","2015-05-19 08:55:55","base.user_root","2015-05-19 08:55:55","Entretien jardins et environs immédiats selon contrat ",""
"__export__.syndic_pcmn_442","61061","False","","base.user_root","2015-05-19 08:55:55","base.user_root","2015-05-19 08:55:55","Autre entretien jardins et environs immédiats ",""
"__export__.syndic_pcmn_443","61062","False","","base.user_root","2015-05-19 08:55:55","base.user_root","2015-05-19 08:55:55","Aménagement jardins et environs immédiats ",""
"__export__.syndic_pcmn_444","61063","False","","base.user_root","2015-05-19 08:55:55","base.user_root","2015-05-19 08:55:55","Entretien parkings, chemins et environs immédiats selon contrat ",""
"__export__.syndic_pcmn_445","61064","False","","base.user_root","2015-05-19 08:55:55","base.user_root","2015-05-19 08:55:55","Autre entretien parkings, chemins et environs immédiats ",""
"__export__.syndic_pcmn_446","61065","False","","base.user_root","2015-05-19 08:55:55","base.user_root","2015-05-19 08:55:55","Travaux de rénovation parkings, chemins et environs immédiats ",""
"__export__.syndic_pcmn_447","61066","False","","base.user_root","2015-05-19 08:55:55","base.user_root","2015-05-19 08:55:55","Travaux divers ",""
"__export__.syndic_pcmn_448","6107","False","","base.user_root","2015-05-19 08:55:55","base.user_root","2015-05-19 08:55:55","Entretien bâtiments ",""
"__export__.syndic_pcmn_449","61070","False","","base.user_root","2015-05-19 08:55:55","base.user_root","2015-05-19 08:55:55","Entretien fondations ",""
"__export__.syndic_pcmn_450","61071","False","","base.user_root","2015-05-19 08:55:55","base.user_root","2015-05-19 08:55:55","Entretien façades ",""
"__export__.syndic_pcmn_451","61072","False","","base.user_root","2015-05-19 08:55:55","base.user_root","2015-05-19 08:55:55","Entretien terrasses ",""
"__export__.syndic_pcmn_452","61073","False","","base.user_root","2015-05-19 08:55:55","base.user_root","2015-05-19 08:55:55","Entretien toits ",""
"__export__.syndic_pcmn_453","61074","False","","base.user_root","2015-05-19 08:55:55","base.user_root","2015-05-19 08:55:55","Entretien cheminées et canaux de ventilation ",""
"__export__.syndic_pcmn_454","61075","False","","base.user_root","2015-05-19 08:55:55","base.user_root","2015-05-19 08:55:55","Entretien caves ",""
"__export__.syndic_pcmn_455","61076","False","","base.user_root","2015-05-19 08:55:55","base.user_root","2015-05-19 08:55:55","Travaux d’entretien hall, cages d’escaliers, couloirs ",""
"__export__.syndic_pcmn_456","6108","False","","base.user_root","2015-05-19 08:55:55","base.user_root","2015-05-19 08:55:55","Piscine ",""
"__export__.syndic_pcmn_457","61080","False","","base.user_root","2015-05-19 08:55:55","base.user_root","2015-05-19 08:55:55","Contrôles ",""
"__export__.syndic_pcmn_458","61081","False","","base.user_root","2015-05-19 08:55:55","base.user_root","2015-05-19 08:55:55","Contrat d’entretien ",""
"__export__.syndic_pcmn_459","61082","False","","base.user_root","2015-05-19 08:55:55","base.user_root","2015-05-19 08:55:55","Autre entretien piscine/installations techniques ",""
"__export__.syndic_pcmn_460","61083","False","","base.user_root","2015-05-19 08:55:55","base.user_root","2015-05-19 08:55:55","Fourniture produits ",""
"__export__.syndic_pcmn_461","61084","False","","base.user_root","2015-05-19 08:55:55","base.user_root","2015-05-19 08:55:55","Surveillance ",""
"__export__.syndic_pcmn_462","61085","False","","base.user_root","2015-05-19 08:55:55","base.user_root","2015-05-19 08:55:55","Réparations piscine/installations techniques ",""
"__export__.syndic_pcmn_463","61086","False","","base.user_root","2015-05-19 08:55:55","base.user_root","2015-05-19 08:55:55","Autres ",""
"__export__.syndic_pcmn_464","6109","False","","base.user_root","2015-05-19 08:55:55","base.user_root","2015-05-19 08:55:55","Divers ",""
"__export__.syndic_pcmn_465","61090","False","","base.user_root","2015-05-19 08:55:55","base.user_root","2015-05-19 08:55:55","Contrats d’entretien ",""
"__export__.syndic_pcmn_466","61091","False","","base.user_root","2015-05-19 08:55:55","base.user_root","2015-05-19 08:55:55","Charges blanchisserie ",""
"__export__.syndic_pcmn_467","61092","False","","base.user_root","2015-05-19 08:55:55","base.user_root","2015-05-19 08:55:55","Charges récréatives (plaines de jeux, tennis, fitness, billard,...) ",""
"__export__.syndic_pcmn_468","61093","False","","base.user_root","2015-05-19 08:55:55","base.user_root","2015-05-19 08:55:55","Contrôle et surveillance ",""
"__export__.syndic_pcmn_469","611","False","","base.user_root","2015-05-19 08:55:55","base.user_root","2015-05-19 08:55:55","Travaux de rénovation et autres travaux exceptionnels ",""
"__export__.syndic_pcmn_470","6110","False","","base.user_root","2015-05-19 08:55:55","base.user_root","2015-05-19 08:55:55","Frais d’études et surveillance ",""
"__export__.syndic_pcmn_471","6111","False","","base.user_root","2015-05-19 08:55:55","base.user_root","2015-05-19 08:55:55","Rénovation ",""
"__export__.syndic_pcmn_472","6112","False","","base.user_root","2015-05-19 08:55:55","base.user_root","2015-05-19 08:55:55","Travaux de transformation ",""
"__export__.syndic_pcmn_473","6113","False","","base.user_root","2015-05-19 08:55:55","base.user_root","2015-05-19 08:55:55","Travaux d’extension ",""
"__export__.syndic_pcmn_474","612","False","","base.user_root","2015-05-19 08:55:55","base.user_root","2015-05-19 08:55:55","Fournitures à l’association ",""
"__export__.syndic_pcmn_475","6120","False","","base.user_root","2015-05-19 08:55:55","base.user_root","2015-05-19 08:55:55","Eau ",""
"__export__.syndic_pcmn_476","61200","False","","base.user_root","2015-05-19 08:55:55","base.user_root","2015-05-19 08:55:55","Redevance fixe et consommation ",""
"__export__.syndic_pcmn_477","61201","False","","base.user_root","2015-05-19 08:55:55","base.user_root","2015-05-19 08:55:55","Eau parties communes ",""
"__export__.syndic_pcmn_478","61202","False","","base.user_root","2015-05-19 08:55:55","base.user_root","2015-05-19 08:55:55","Sel pour adoucisseur d’eau ",""
"__export__.syndic_pcmn_479","61203","False","","base.user_root","2015-05-19 08:55:55","base.user_root","2015-05-19 08:55:55","Autres fournitures pour adoucisseur d’eau ",""
"__export__.syndic_pcmn_480","61204","False","","base.user_root","2015-05-19 08:55:55","base.user_root","2015-05-19 08:55:55","Fournitures pour traitement de l’eau ",""
"__export__.syndic_pcmn_481","61205","False","","base.user_root","2015-05-19 08:55:55","base.user_root","2015-05-19 08:55:55","Autres ",""
"__export__.syndic_pcmn_482","6121","False","","base.user_root","2015-05-19 08:55:55","base.user_root","2015-05-19 08:55:55","Electricité ",""
"__export__.syndic_pcmn_483","61210","False","","base.user_root","2015-05-19 08:55:55","base.user_root","2015-05-19 08:55:55","Electricité parties communes ",""
"__export__.syndic_pcmn_484","61211","False","","base.user_root","2015-05-19 08:55:55","base.user_root","2015-05-19 08:55:55","Electricité ascenseurs ",""
"__export__.syndic_pcmn_485","61212","False","","base.user_root","2015-05-19 08:55:55","base.user_root","2015-05-19 08:55:55","Electricité chauffage et sanitaires ",""
"__export__.syndic_pcmn_486","61213","False","","base.user_root","2015-05-19 08:55:55","base.user_root","2015-05-19 08:55:55","Autres ",""
"__export__.syndic_pcmn_487","6122","False","","base.user_root","2015-05-19 08:55:55","base.user_root","2015-05-19 08:55:55","Gaz ",""
"__export__.syndic_pcmn_488","61220","False","","base.user_root","2015-05-19 08:55:55","base.user_root","2015-05-19 08:55:55","Redevance fixe et consommation ",""
"__export__.syndic_pcmn_489","61221","False","","base.user_root","2015-05-19 08:55:55","base.user_root","2015-05-19 08:55:55","Autres ",""
"__export__.syndic_pcmn_490","6123","False","","base.user_root","2015-05-19 08:55:55","base.user_root","2015-05-19 08:55:55","Mazout ",""
"__export__.syndic_pcmn_491","61230","False","","base.user_root","2015-05-19 08:55:55","base.user_root","2015-05-19 08:55:55","Contrôles cuves ",""
"__export__.syndic_pcmn_492","61231","False","","base.user_root","2015-05-19 08:55:55","base.user_root","2015-05-19 08:55:55","Entretiens cuves ",""
"__export__.syndic_pcmn_493","61232","False","","base.user_root","2015-05-19 08:55:55","base.user_root","2015-05-19 08:55:55","Livraisons mazout ",""
"__export__.syndic_pcmn_494","6124","False","","base.user_root","2015-05-19 08:55:55","base.user_root","2015-05-19 08:55:55","Autres services collectifs ",""
"__export__.syndic_pcmn_495","61240","False","","base.user_root","2015-05-19 08:55:55","base.user_root","2015-05-19 08:55:55","Câblodistribution ",""
"__export__.syndic_pcmn_496","6125","False","","base.user_root","2015-05-19 08:55:55","base.user_root","2015-05-19 08:55:55","Autres fournitures ",""
"__export__.syndic_pcmn_497","613","False","","base.user_root","2015-05-19 08:55:55","base.user_root","2015-05-19 08:55:55","Honoraires, charges membres du conseil et charges commissaire interne aux comptes ",""
"__export__.syndic_pcmn_498","6130","False","","base.user_root","2015-05-19 08:55:55","base.user_root","2015-05-19 08:55:55","Honoraires ",""
"__export__.syndic_pcmn_499","61300","False","","base.user_root","2015-05-19 08:55:55","base.user_root","2015-05-19 08:55:55","Honoraires syndics ",""
"__export__.syndic_pcmn_500","61301","False","","base.user_root","2015-05-19 08:55:55","base.user_root","2015-05-19 08:55:55","Honoraires avocats ",""
"__export__.syndic_pcmn_501","61302","False","","base.user_root","2015-05-19 08:55:55","base.user_root","2015-05-19 08:55:55","Honoraires architectes/ingénieurs ",""
"__export__.syndic_pcmn_502","61303","False","","base.user_root","2015-05-19 08:55:55","base.user_root","2015-05-19 08:55:55","Honoraires experts ",""
"__export__.syndic_pcmn_503","61304","False","","base.user_root","2015-05-19 08:55:55","base.user_root","2015-05-19 08:55:55","Honoraires commissaire externe aux comptes ",""
"__export__.syndic_pcmn_504","61305","False","","base.user_root","2015-05-19 08:55:55","base.user_root","2015-05-19 08:55:55","Autres honoraires ",""
"__export__.syndic_pcmn_505","6131","False","","base.user_root","2015-05-19 08:55:55","base.user_root","2015-05-19 08:55:55","Charges membres du conseil (conseil de copropriété) et commissaire interne aux comptes ",""
"__export__.syndic_pcmn_506","61310","False","","base.user_root","2015-05-19 08:55:55","base.user_root","2015-05-19 08:55:55","Indemnités membres du conseil interne et commissaire interne aux comptes ",""
"__export__.syndic_pcmn_507","61311","False","","base.user_root","2015-05-19 08:55:55","base.user_root","2015-05-19 08:55:55","Frais de déplacement membres du conseil interne et commissaire interne aux comptes ",""
"__export__.syndic_pcmn_508","61312","False","","base.user_root","2015-05-19 08:55:55","base.user_root","2015-05-19 08:55:55","Autres charges conseil de copropriété ",""
"__export__.syndic_pcmn_509","614","False","","base.user_root","2015-05-19 08:55:55","base.user_root","2015-05-19 08:55:55","Assurances ",""
"__export__.syndic_pcmn_510","6140","False","","base.user_root","2015-05-19 08:55:55","base.user_root","2015-05-19 08:55:55","Assurance incendie ",""
"__export__.syndic_pcmn_511","6141","False","","base.user_root","2015-05-19 08:55:55","base.user_root","2015-05-19 08:55:55","Responsabilité civile ",""
"__export__.syndic_pcmn_512","6142","False","","base.user_root","2015-05-19 08:55:55","base.user_root","2015-05-19 08:55:55","Assurance accidents du travail ",""
"__export__.syndic_pcmn_513","6143","False","","base.user_root","2015-05-19 08:55:55","base.user_root","2015-05-19 08:55:55","Assurance volontaires ",""
"__export__.syndic_pcmn_514","6144","False","","base.user_root","2015-05-19 08:55:55","base.user_root","2015-05-19 08:55:55","Assurance membres du conseil interne et commissaire aux comptes ",""
"__export__.syndic_pcmn_515","6145","False","","base.user_root","2015-05-19 08:55:55","base.user_root","2015-05-19 08:55:55","Responsabilité professionnelle syndic non professionnel ",""
"__export__.syndic_pcmn_516","6146","False","","base.user_root","2015-05-19 08:55:55","base.user_root","2015-05-19 08:55:55","Assistance judiciaire ",""
"__export__.syndic_pcmn_517","6147","False","","base.user_root","2015-05-19 08:55:55","base.user_root","2015-05-19 08:55:55","Franchise ",""
"__export__.syndic_pcmn_518","6148","False","","base.user_root","2015-05-19 08:55:55","base.user_root","2015-05-19 08:55:55","Autres ",""
"__export__.syndic_pcmn_519","615","False","","base.user_root","2015-05-19 08:55:55","base.user_root","2015-05-19 08:55:55","Conciergerie ",""
"__export__.syndic_pcmn_520","6150","False","","base.user_root","2015-05-19 08:55:55","base.user_root","2015-05-19 08:55:55","Téléphone - Internet - gsm ",""
"__export__.syndic_pcmn_521","6151","False","","base.user_root","2015-05-19 08:55:55","base.user_root","2015-05-19 08:55:55","Electricité ",""
"__export__.syndic_pcmn_522","6152","False","","base.user_root","2015-05-19 08:55:55","base.user_root","2015-05-19 08:55:55","Eau ",""
"__export__.syndic_pcmn_523","6153","False","","base.user_root","2015-05-19 08:55:55","base.user_root","2015-05-19 08:55:55","Gaz ",""
"__export__.syndic_pcmn_524","6154","False","","base.user_root","2015-05-19 08:55:55","base.user_root","2015-05-19 08:55:55","Chauffage ",""
"__export__.syndic_pcmn_525","6155","False","","base.user_root","2015-05-19 08:55:55","base.user_root","2015-05-19 08:55:55","Télédistribution ",""
"__export__.syndic_pcmn_526","6156","False","","base.user_root","2015-05-19 08:55:55","base.user_root","2015-05-19 08:55:55","Charges ",""
"__export__.syndic_pcmn_527","6157","False","","base.user_root","2015-05-19 08:55:55","base.user_root","2015-05-19 08:55:55","Entretien ",""
"__export__.syndic_pcmn_528","6158","False","","base.user_root","2015-05-19 08:55:55","base.user_root","2015-05-19 08:55:55","Autres ",""
"__export__.syndic_pcmn_529","616","False","","base.user_root","2015-05-19 08:55:55","base.user_root","2015-05-19 08:55:55","Frais d’administration et de gestion ",""
"__export__.syndic_pcmn_530","6160","False","","base.user_root","2015-05-19 08:55:55","base.user_root","2015-05-19 08:55:55","Frais d’administration syndic ",""
"__export__.syndic_pcmn_531","61600","False","","base.user_root","2015-05-19 08:55:55","base.user_root","2015-05-19 08:55:55","Bureau et matériel de bureau ",""
"__export__.syndic_pcmn_532","61601","False","","base.user_root","2015-05-19 08:55:55","base.user_root","2015-05-19 08:55:55","Timbres ",""
"__export__.syndic_pcmn_533","61602","False","","base.user_root","2015-05-19 08:55:55","base.user_root","2015-05-19 08:55:55","Téléphone ",""
"__export__.syndic_pcmn_534","61603","False","","base.user_root","2015-05-19 08:55:55","base.user_root","2015-05-19 08:55:55","Autres ",""
"__export__.syndic_pcmn_535","6161","False","","base.user_root","2015-05-19 08:55:55","base.user_root","2015-05-19 08:55:55","Frais réunions ",""
"__export__.syndic_pcmn_536","61610","False","","base.user_root","2015-05-19 08:55:55","base.user_root","2015-05-19 08:55:55","Utilisation salles de réunion ",""
"__export__.syndic_pcmn_537","61611","False","","base.user_root","2015-05-19 08:55:55","base.user_root","2015-05-19 08:55:55","Consommations réunions ",""
"__export__.syndic_pcmn_538","61612","False","","base.user_root","2015-05-19 08:55:55","base.user_root","2015-05-19 08:55:55","Autres ",""
"__export__.syndic_pcmn_539","6162","False","","base.user_root","2015-05-19 08:55:55","base.user_root","2015-05-19 08:55:55","Traductions ",""
"__export__.syndic_pcmn_540","61620","False","","base.user_root","2015-05-19 08:55:55","base.user_root","2015-05-19 08:55:55","Traduction simultanée réunions ",""
"__export__.syndic_pcmn_541","61621","False","","base.user_root","2015-05-19 08:55:55","base.user_root","2015-05-19 08:55:55","Traduction documents ",""
"__export__.syndic_pcmn_542","6163","False","","base.user_root","2015-05-19 08:55:55","base.user_root","2015-05-19 08:55:55","Frais de procédure ",""
"__export__.syndic_pcmn_543","61630","False","","base.user_root","2015-05-19 08:55:55","base.user_root","2015-05-19 08:55:55","Frais de procédure recouvrement arriérés copropriétaires ",""
"__export__.syndic_pcmn_544","61631","False","","base.user_root","2015-05-19 08:55:55","base.user_root","2015-05-19 08:55:55","Autres frais de procédure ",""
"__export__.syndic_pcmn_545","6164","False","","base.user_root","2015-05-19 08:55:55","base.user_root","2015-05-19 08:55:55","Publications et modification des statuts ",""
"__export__.syndic_pcmn_546","61640","False","","base.user_root","2015-05-19 08:55:55","base.user_root","2015-05-19 08:55:55","Publication nomination syndic ",""
"__export__.syndic_pcmn_547","61641","False","","base.user_root","2015-05-19 08:55:55","base.user_root","2015-05-19 08:55:55","Modification des statuts ",""
"__export__.syndic_pcmn_548","6165","False","","base.user_root","2015-05-19 08:55:55","base.user_root","2015-05-19 08:55:55","Frais transfert de propriété ",""
"__export__.syndic_pcmn_549","61650","False","","base.user_root","2015-05-19 08:55:55","base.user_root","2015-05-19 08:55:55","Attestations article 577-11 Code civil ",""
"__export__.syndic_pcmn_550","61651","False","","base.user_root","2015-05-19 08:55:55","base.user_root","2015-05-19 08:55:55","Autres ",""
"__export__.syndic_pcmn_551","6166","False","","base.user_root","2015-05-19 08:55:55","base.user_root","2015-05-19 08:55:55","Frais divers gestion ",""
"__export__.syndic_pcmn_552","61660","False","","base.user_root","2015-05-19 08:55:55","base.user_root","2015-05-19 08:55:55","Communication d’informations sur Internet ",""
"__export__.syndic_pcmn_553","61661","False","","base.user_root","2015-05-19 08:55:55","base.user_root","2015-05-19 08:55:55","Frais d’accession à la propriété ",""
"__export__.syndic_pcmn_554","61662","False","","base.user_root","2015-05-19 08:55:55","base.user_root","2015-05-19 08:55:55","Frais archives ",""
"__export__.syndic_pcmn_555","61663","False","","base.user_root","2015-05-19 08:55:55","base.user_root","2015-05-19 08:55:55","Autres frais gestion ",""
"__export__.syndic_pcmn_556","62","False","","base.user_root","2015-05-19 08:55:55","base.user_root","2015-05-19 08:55:55","Rémunérations, charges sociales et pensions ",""
"__export__.syndic_pcmn_557","620","False","","base.user_root","2015-05-19 08:55:55","base.user_root","2015-05-19 08:55:55","Rémunérations et avantages sociaux directs ",""
"__export__.syndic_pcmn_558","621","False","","base.user_root","2015-05-19 08:55:55","base.user_root","2015-05-19 08:55:55","Cotisations patronales pour assurances sociales ",""
"__export__.syndic_pcmn_559","622","False","","base.user_root","2015-05-19 08:55:55","base.user_root","2015-05-19 08:55:55","Primes patronales pour assurances extralégales ",""
"__export__.syndic_pcmn_560","623","False","","base.user_root","2015-05-19 08:55:55","base.user_root","2015-05-19 08:55:55","Autres frais de personnel ",""
"__export__.syndic_pcmn_561","624","False","","base.user_root","2015-05-19 08:55:55","base.user_root","2015-05-19 08:55:55","Pensions de retraite et de survie ",""
"__export__.syndic_pcmn_562","63","False","","base.user_root","2015-05-19 08:55:55","base.user_root","2015-05-19 08:55:55","Amortissements et réductions de valeur ",""
"__export__.syndic_pcmn_563","630","False","","base.user_root","2015-05-19 08:55:55","base.user_root","2015-05-19 08:55:55","Dotations aux amortissements sur immobilisations ",""
"__export__.syndic_pcmn_564","6301","False","","base.user_root","2015-05-19 08:55:55","base.user_root","2015-05-19 08:55:55","Dotations aux amortissements sur immobilisations incorporelles ",""
"__export__.syndic_pcmn_565","6302","False","","base.user_root","2015-05-19 08:55:55","base.user_root","2015-05-19 08:55:55","Dotations aux amortissements sur immobilisations corporelles ",""
"__export__.syndic_pcmn_566","634","False","","base.user_root","2015-05-19 08:55:55","base.user_root","2015-05-19 08:55:55","Réductions de valeur sur créances à un an au plus ",""
"__export__.syndic_pcmn_567","6340","False","","base.user_root","2015-05-19 08:55:55","base.user_root","2015-05-19 08:55:55","Dotations ",""
"__export__.syndic_pcmn_568","6341","False","","base.user_root","2015-05-19 08:55:55","base.user_root","2015-05-19 08:55:55","Reprises (1) ",""
"__export__.syndic_pcmn_569","64","False","","base.user_root","2015-05-19 08:55:55","base.user_root","2015-05-19 08:55:55","Autres charges ",""
"__export__.syndic_pcmn_570","640","False","","base.user_root","2015-05-19 08:55:55","base.user_root","2015-05-19 08:55:55","Taxes et redevances ",""
"__export__.syndic_pcmn_571","641","False","","base.user_root","2015-05-19 08:55:55","base.user_root","2015-05-19 08:55:55","Moins-values sur la réalisation des créances ",""
"__export__.syndic_pcmn_572","642","False","","base.user_root","2015-05-19 08:55:55","base.user_root","2015-05-19 08:55:55","Charges diverses ",""
"__export__.syndic_pcmn_573","65","False","","base.user_root","2015-05-19 08:55:55","base.user_root","2015-05-19 08:55:55","Charges financières ",""
"__export__.syndic_pcmn_574","650","False","","base.user_root","2015-05-19 08:55:55","base.user_root","2015-05-19 08:55:55","Frais bancaires et charges des dettes ",""
"__export__.syndic_pcmn_575","657","False","","base.user_root","2015-05-19 08:55:55","base.user_root","2015-05-19 08:55:55","Charges financières diverses ",""
"__export__.syndic_pcmn_576","66","False","","base.user_root","2015-05-19 08:55:55","base.user_root","2015-05-19 08:55:55","Charges exceptionnelles ",""
"__export__.syndic_pcmn_577","69","False","","base.user_root","2015-05-19 08:55:55","base.user_root","2015-05-19 08:55:55","Valeurs à reporter ",""
"__export__.syndic_pcmn_578","693","False","","base.user_root","2015-05-19 08:55:55","base.user_root","2015-05-19 08:55:55","Valeurs à reporter ",""
"__export__.syndic_pcmn_579","7.","False","","base.user_root","2015-05-19 08:55:56","base.user_root","2015-05-19 08:55:56","Produits ",""
"__export__.syndic_pcmn_580","70","False","","base.user_root","2015-05-19 08:55:56","base.user_root","2015-05-19 08:55:56","Acomptes ",""
"__export__.syndic_pcmn_581","700","False","","base.user_root","2015-05-19 08:55:56","base.user_root","2015-05-19 08:55:56","Acomptes fonds de réserve ",""
"__export__.syndic_pcmn_582","701","False","","base.user_root","2015-05-19 08:55:56","base.user_root","2015-05-19 08:55:56","Acomptes fonds de roulement ",""
"__export__.syndic_pcmn_583","75","False","","base.user_root","2015-05-19 08:55:56","base.user_root","2015-05-19 08:55:56","Produits financiers ",""
"__export__.syndic_pcmn_584","76","False","","base.user_root","2015-05-19 08:55:56","base.user_root","2015-05-19 08:55:56","Produits exceptionnels",""
